model,protocol,split,train_batches,validation_batches,validation_batch,n_train,n_validation,macro_f1,accuracy,f1_class_1,f1_class_2,f1_class_3,f1_class_4,f1_class_5,f1_class_6
xgboost_depth2,random_stratified,random_fold_1,"(np.int64(1), np.int64(2), np.int64(3), np.int64(4), np.int64(5), np.int64(6), np.int64(7), np.int64(8), np.int64(9))","(np.int64(1), np.int64(2), np.int64(3), np.int64(4), np.int64(5), np.int64(6), np.int64(7), np.int64(8), np.int64(9))",,8248,2062,0.987190463515026,0.988360814742968,0.9936467598475223,0.9956989247311828,0.9829683698296837,0.9773584905660377,0.9855670103092784,0.9879032258064516
xgboost_depth2,random_stratified,random_fold_2,"(np.int64(1), np.int64(2), np.int64(3), np.int64(4), np.int64(5), np.int64(6), np.int64(7), np.int64(8), np.int64(9))","(np.int64(1), np.int64(2), np.int64(3), np.int64(4), np.int64(5), np.int64(6), np.int64(7), np.int64(8), np.int64(9))",,8248,2062,0.9914012198649603,0.9922405431619786,0.9885057471264368,0.9989235737351991,0.9879518072289156,0.9833024118738405,0.9937888198757764,0.9959349593495935
xgboost_depth2,random_stratified,random_fold_3,"(np.int64(1), np.int64(2), np.int64(3), np.int64(4), np.int64(5), np.int64(6), np.int64(7), np.int64(8), np.int64(9))","(np.int64(1), np.int64(2), np.int64(3), np.int64(4), np.int64(5), np.int64(6), np.int64(7), np.int64(8), np.int64(9))",,8248,2062,0.9900587138129383,0.991270611057226,0.9949109414758269,0.9924487594390508,0.973621103117506,0.9906890130353817,0.9927310488058152,0.9959514170040485
xgboost_depth2,random_stratified,random_fold_4,"(np.int64(1), np.int64(2), np.int64(3), np.int64(4), np.int64(5), np.int64(6), np.int64(7), np.int64(8), np.int64(9))","(np.int64(1), np.int64(2), np.int64(3), np.int64(4), np.int64(5), np.int64(6), np.int64(7), np.int64(8), np.int64(9))",,8248,2062,0.9903880820181897,0.991270611057226,0.9924050632911392,0.9946524064171123,0.9878345498783455,0.9868173258003766,0.9927159209157128,0.9879032258064516
xgboost_depth2,random_stratified,random_fold_5,"(np.int64(1), np.int64(2), np.int64(3), np.int64(4), np.int64(5), np.int64(6), np.int64(7), np.int64(8), np.int64(9))","(np.int64(1), np.int64(2), np.int64(3), np.int64(4), np.int64(5), np.int64(6), np.int64(7), np.int64(8), np.int64(9))",,8248,2062,0.9873695452644514,0.988360814742968,0.9910828025477707,0.9957173447537473,0.9830508474576272,0.9828571428571429,0.9855371900826446,0.9859719438877755
xgboost_depth2,expanding_window,temporal_batch_2,"(np.int64(1),)","(np.int64(2),)",2.0,445,1244,0.6256985164638279,0.8054662379421221,0.5504587155963303,0.9269662921348315,0.5306122448979592,0.0,0.9769230769230769,0.7692307692307693
xgboost_depth2,expanding_window,temporal_batch_3,"(np.int64(1), np.int64(2))","(np.int64(3),)",3.0,1689,1586,0.8999051038059063,0.9079445145018915,0.8401585204755614,0.9829488465396189,0.9032258064516129,0.8370221327967807,0.9361702127659575,
xgboost_depth2,expanding_window,temporal_batch_4,"(np.int64(1), np.int64(2), np.int64(3))","(np.int64(4),)",4.0,3275,161,0.7160093966738758,0.7080745341614907,0.6415094339622641,0.9772727272727273,0.9090909090909091,0.6521739130434783,0.4,
xgboost_depth2,expanding_window,temporal_batch_5,"(np.int64(1), np.int64(2), np.int64(3), np.int64(4))","(np.int64(5),)",5.0,3436,197,0.9420307810299182,0.9441624365482234,0.8888888888888888,1.0,0.9473684210526315,0.9230769230769231,0.9508196721311475,
xgboost_depth2,expanding_window,temporal_batch_6,"(np.int64(1), np.int64(2), np.int64(3), np.int64(4), np.int64(5))","(np.int64(6),)",6.0,3633,2300,0.6054938055036797,0.6708695652173913,0.796137339055794,0.8982725527831094,0.905829596412556,0.07923497267759563,0.9534883720930233,0.0
xgboost_depth2,expanding_window,temporal_batch_7,"(np.int64(1), np.int64(2), np.int64(3), np.int64(4), np.int64(5), np.int64(6))","(np.int64(7),)",7.0,5933,3613,0.6640033057661339,0.7085524494879601,0.8607427055702918,0.8591916558018253,0.5298759864712514,0.3075221238938053,0.7822164948453608,0.6444708680142688
xgboost_depth2,expanding_window,temporal_batch_8,"(np.int64(1), np.int64(2), np.int64(3), np.int64(4), np.int64(5), np.int64(6), np.int64(7))","(np.int64(8),)",8.0,9546,294,0.744538069311209,0.8333333333333334,0.9655172413793104,0.22857142857142856,0.6666666666666666,0.8421052631578947,0.9310344827586207,0.8333333333333334
xgboost_depth2,expanding_window,temporal_batch_9,"(np.int64(1), np.int64(2), np.int64(3), np.int64(4), np.int64(5), np.int64(6), np.int64(7), np.int64(8))","(np.int64(9),)",9.0,9840,470,0.6921238158184622,0.7,0.6292134831460674,1.0,1.0,0.5568627450980392,0.9358974358974359,0.03076923076923077
xgboost_depth4,random_stratified,random_fold_1,"(np.int64(1), np.int64(2), np.int64(3), np.int64(4), np.int64(5), np.int64(6), np.int64(7), np.int64(8), np.int64(9))","(np.int64(1), np.int64(2), np.int64(3), np.int64(4), np.int64(5), np.int64(6), np.int64(7), np.int64(8), np.int64(9))",,8248,2062,0.9914188607210163,0.9922405431619786,0.9924050632911392,0.9956989247311828,0.9878345498783455,0.9869158878504672,0.9937888198757764,0.991869918699187
xgboost_depth4,random_stratified,random_fold_2,"(np.int64(1), np.int64(2), np.int64(3), np.int64(4), np.int64(5), np.int64(6), np.int64(7), np.int64(8), np.int64(9))","(np.int64(1), np.int64(2), np.int64(3), np.int64(4), np.int64(5), np.int64(6), np.int64(7), np.int64(8), np.int64(9))",,8248,2062,0.9938814735440763,0.9946653734238603,0.9923469387755102,0.9989235737351991,0.9903381642512077,0.9888475836431226,0.9968976215098242,0.9959349593495935
xgboost_depth4,random_stratified,random_fold_3,"(np.int64(1), np.int64(2), np.int64(3), np.int64(4), np.int64(5), np.int64(6), np.int64(7), np.int64(8), np.int64(9))","(np.int64(1), np.int64(2), np.int64(3), np.int64(4), np.int64(5), np.int64(6), np.int64(7), np.int64(8), np.int64(9))",,8248,2062,0.9951911972495634,0.995635305528613,0.9961783439490446,0.9978540772532188,0.9878934624697336,0.994413407821229,0.9948078920041536,1.0
xgboost_depth4,random_stratified,random_fold_4,"(np.int64(1), np.int64(2), np.int64(3), np.int64(4), np.int64(5), np.int64(6), np.int64(7), np.int64(8), np.int64(9))","(np.int64(1), np.int64(2), np.int64(3), np.int64(4), np.int64(5), np.int64(6), np.int64(7), np.int64(8), np.int64(9))",,8248,2062,0.994828599343233,0.9951503394762367,0.9949238578680203,0.9957081545064378,0.9951690821256038,0.9943502824858758,0.9968847352024922,0.9919354838709677
xgboost_depth4,random_stratified,random_fold_5,"(np.int64(1), np.int64(2), np.int64(3), np.int64(4), np.int64(5), np.int64(6), np.int64(7), np.int64(8), np.int64(9))","(np.int64(1), np.int64(2), np.int64(3), np.int64(4), np.int64(5), np.int64(6), np.int64(7), np.int64(8), np.int64(9))",,8248,2062,0.991697002307248,0.9917555771096024,0.9910600255427842,0.9946524064171123,0.9902912621359223,0.9905482041587902,0.9896907216494846,0.9939393939393939
xgboost_depth4,expanding_window,temporal_batch_2,"(np.int64(1),)","(np.int64(2),)",2.0,445,1244,0.5833982261974272,0.8006430868167203,0.5547445255474452,0.9256661991584852,0.4875,0.0,0.9769230769230769,0.5555555555555556
xgboost_depth4,expanding_window,temporal_batch_3,"(np.int64(1), np.int64(2))","(np.int64(3),)",3.0,1689,1586,0.9346612584119004,0.9407313997477932,0.9168765743073047,0.9819639278557114,0.9271844660194175,0.9111111111111111,0.9361702127659575,
xgboost_depth4,expanding_window,temporal_batch_4,"(np.int64(1), np.int64(2), np.int64(3))","(np.int64(4),)",4.0,3275,161,0.7183752072406332,0.7453416149068323,0.736,0.9885057471264368,0.9565217391304348,0.42105263157894735,0.4897959183673469,
xgboost_depth4,expanding_window,temporal_batch_5,"(np.int64(1), np.int64(2), np.int64(3), np.int64(4))","(np.int64(5),)",5.0,3436,197,0.9620998916098337,0.9644670050761421,0.9491525423728814,1.0,0.9473684210526315,0.946236559139785,0.967741935483871,
xgboost_depth4,expanding_window,temporal_batch_6,"(np.int64(1), np.int64(2), np.int64(3), np.int64(4), np.int64(5))","(np.int64(6),)",6.0,3633,2300,0.5877193848997462,0.6365217391304347,0.6897347174163783,0.8982725527831094,0.9140271493212669,0.07134071340713408,0.9529411764705882,0.0
xgboost_depth4,expanding_window,temporal_batch_7,"(np.int64(1), np.int64(2), np.int64(3), np.int64(4), np.int64(5), np.int64(6))","(np.int64(7),)",7.0,5933,3613,0.6808201246855333,0.7232216994187656,0.9007633587786259,0.8498694516971279,0.5276595744680851,0.29857299670691545,0.8413886997957795,0.6666666666666666
xgboost_depth4,expanding_window,temporal_batch_8,"(np.int64(1), np.int64(2), np.int64(3), np.int64(4), np.int64(5), np.int64(6), np.int64(7))","(np.int64(8),)",8.0,9546,294,0.7851409519903684,0.8673469387755102,0.9836065573770492,0.125,0.735632183908046,0.9705882352941176,0.9245901639344263,0.9714285714285714
xgboost_depth4,expanding_window,temporal_batch_9,"(np.int64(1), np.int64(2), np.int64(3), np.int64(4), np.int64(5), np.int64(6), np.int64(7), np.int64(8))","(np.int64(9),)",9.0,9840,470,0.7238123177365438,0.7319148936170212,0.76,1.0,0.9950248756218906,0.5806451612903226,0.9746835443037974,0.032520325203252036
xgboost_depth6,random_stratified,random_fold_1,"(np.int64(1), np.int64(2), np.int64(3), np.int64(4), np.int64(5), np.int64(6), np.int64(7), np.int64(8), np.int64(9))","(np.int64(1), np.int64(2), np.int64(3), np.int64(4), np.int64(5), np.int64(6), np.int64(7), np.int64(8), np.int64(9))",,8248,2062,0.9914572104001228,0.9922405431619786,0.9936628643852978,0.9956989247311828,0.9878345498783455,0.9869158878504672,0.9927611168562565,0.991869918699187
xgboost_depth6,random_stratified,random_fold_2,"(np.int64(1), np.int64(2), np.int64(3), np.int64(4), np.int64(5), np.int64(6), np.int64(7), np.int64(8), np.int64(9))","(np.int64(1), np.int64(2), np.int64(3), np.int64(4), np.int64(5), np.int64(6), np.int64(7), np.int64(8), np.int64(9))",,8248,2062,0.9956037290736642,0.9961202715809894,0.9948979591836735,0.9989235737351991,0.9903381642512077,0.9925650557620818,0.9968976215098242,1.0
xgboost_depth6,random_stratified,random_fold_3,"(np.int64(1), np.int64(2), np.int64(3), np.int64(4), np.int64(5), np.int64(6), np.int64(7), np.int64(8), np.int64(9))","(np.int64(1), np.int64(2), np.int64(3), np.int64(4), np.int64(5), np.int64(6), np.int64(7), np.int64(8), np.int64(9))",,8248,2062,0.9959078556956737,0.9961202715809894,0.9961783439490446,0.9978540772532188,0.9903381642512077,0.996268656716418,0.9948078920041536,1.0
xgboost_depth6,random_stratified,random_fold_4,"(np.int64(1), np.int64(2), np.int64(3), np.int64(4), np.int64(5), np.int64(6), np.int64(7), np.int64(8), np.int64(9))","(np.int64(1), np.int64(2), np.int64(3), np.int64(4), np.int64(5), np.int64(6), np.int64(7), np.int64(8), np.int64(9))",,8248,2062,0.9930778155188661,0.9936954413191077,0.9936628643852978,0.9957081545064378,0.9927710843373494,0.9905838041431262,0.9958419958419958,0.98989898989899
xgboost_depth6,random_stratified,random_fold_5,"(np.int64(1), np.int64(2), np.int64(3), np.int64(4), np.int64(5), np.int64(6), np.int64(7), np.int64(8), np.int64(9))","(np.int64(1), np.int64(2), np.int64(3), np.int64(4), np.int64(5), np.int64(6), np.int64(7), np.int64(8), np.int64(9))",,8248,2062,0.9917184072879542,0.9922405431619786,0.9936143039591315,0.9957173447537473,0.9878934624697336,0.9924528301886792,0.9906928645294726,0.9899396378269618
xgboost_depth6,expanding_window,temporal_batch_2,"(np.int64(1),)","(np.int64(2),)",2.0,445,1244,0.57215174531351,0.7982315112540193,0.5441176470588235,0.9243697478991597,0.4875,0.0,0.9769230769230769,0.5
xgboost_depth6,expanding_window,temporal_batch_3,"(np.int64(1), np.int64(2))","(np.int64(3),)",3.0,1689,1586,0.9301213341693847,0.937578814627995,0.9168765743073047,0.9829488465396189,0.9142857142857143,0.9107142857142857,0.92578125,
xgboost_depth6,expanding_window,temporal_batch_4,"(np.int64(1), np.int64(2), np.int64(3))","(np.int64(4),)",4.0,3275,161,0.6714107616035413,0.6708074534161491,0.6017699115044248,0.9885057471264368,0.9565217391304348,0.41025641025641024,0.4,
xgboost_depth6,expanding_window,temporal_batch_5,"(np.int64(1), np.int64(2), np.int64(3), np.int64(4))","(np.int64(5),)",5.0,3436,197,0.9381971123906607,0.9441624365482234,0.9032258064516129,1.0,0.918918918918919,0.9010989010989011,0.967741935483871,
xgboost_depth6,expanding_window,temporal_batch_6,"(np.int64(1), np.int64(2), np.int64(3), np.int64(4), np.int64(5))","(np.int64(6),)",6.0,3633,2300,0.5836388663961584,0.6330434782608696,0.6658959537572254,0.8993288590604027,0.9140271493212669,0.07187112763320942,0.9507101086048454,0.0
xgboost_depth6,expanding_window,temporal_batch_7,"(np.int64(1), np.int64(2), np.int64(3), np.int64(4), np.int64(5), np.int64(6))","(np.int64(7),)",7.0,5933,3613,0.6836218665392152,0.7254359258234154,0.8794037940379403,0.8361508452535761,0.5701254275940707,0.2994535519125683,0.8492224475997295,0.667375132837407
xgboost_depth6,expanding_window,temporal_batch_8,"(np.int64(1), np.int64(2), np.int64(3), np.int64(4), np.int64(5), np.int64(6), np.int64(7))","(np.int64(8),)",8.0,9546,294,0.6933764351745056,0.8129251700680272,0.9836065573770492,0.06451612903225806,0.7032967032967034,0.88,0.8972602739726028,0.631578947368421
xgboost_depth6,expanding_window,temporal_batch_9,"(np.int64(1), np.int64(2), np.int64(3), np.int64(4), np.int64(5), np.int64(6), np.int64(7), np.int64(8))","(np.int64(9),)",9.0,9840,470,0.7588262330803098,0.7617021276595745,0.8411214953271028,0.9908256880733946,1.0,0.5867768595041323,0.968944099378882,0.1652892561983471
